{
  "id": "2203943",
  "name": "UnitedMall(mobile)",
  "font_family": "iconfont",
  "css_prefix_text": "icon-",
  "description": "",
  "glyphs": [
    {
      "icon_id": "576404",
      "name": "加号",
      "font_class": "iconfonticon02",
      "unicode": "e606",
      "unicode_decimal": 58886
    },
    {
      "icon_id": "1288175",
      "name": "减号",
      "font_class": "subtract",
      "unicode": "e60b",
      "unicode_decimal": 58891
    },
    {
      "icon_id": "5203258",
      "name": "加号",
      "font_class": "jiahao",
      "unicode": "e629",
      "unicode_decimal": 58921
    },
    {
      "icon_id": "5387527",
      "name": "加号",
      "font_class": "jiahao1",
      "unicode": "eaf3",
      "unicode_decimal": 60147
    },
    {
      "icon_id": "5387532",
      "name": "减号",
      "font_class": "jianhao",
      "unicode": "eaf5",
      "unicode_decimal": 60149
    },
    {
      "icon_id": "7316261",
      "name": "减号",
      "font_class": "jianhao1",
      "unicode": "e637",
      "unicode_decimal": 58935
    },
    {
      "icon_id": "7556166",
      "name": "减号",
      "font_class": "jianhao2",
      "unicode": "e607",
      "unicode_decimal": 58887
    },
    {
      "icon_id": "11125243",
      "name": "加号",
      "font_class": "21",
      "unicode": "e620",
      "unicode_decimal": 58912
    },
    {
      "icon_id": "259473",
      "name": "购物车",
      "font_class": "gouwuche",
      "unicode": "e608",
      "unicode_decimal": 58888
    },
    {
      "icon_id": "338386",
      "name": "首页",
      "font_class": "shouye",
      "unicode": "e622",
      "unicode_decimal": 58914
    },
    {
      "icon_id": "350330",
      "name": "折扣券",
      "font_class": "zhekouquan",
      "unicode": "e652",
      "unicode_decimal": 58962
    },
    {
      "icon_id": "396599",
      "name": "我的",
      "font_class": "iconfuzhi",
      "unicode": "e601",
      "unicode_decimal": 58881
    },
    {
      "icon_id": "430546",
      "name": "下箭头",
      "font_class": "arrow-down",
      "unicode": "e648",
      "unicode_decimal": 58952
    },
    {
      "icon_id": "436375",
      "name": "购物车",
      "font_class": "48",
      "unicode": "e630",
      "unicode_decimal": 58928
    },
    {
      "icon_id": "581984",
      "name": "更多",
      "font_class": "gengduo-copy",
      "unicode": "e626",
      "unicode_decimal": 58918
    },
    {
      "icon_id": "887965",
      "name": "我的 (2)",
      "font_class": "wode2",
      "unicode": "e62f",
      "unicode_decimal": 58927
    },
    {
      "icon_id": "1026174",
      "name": "更多",
      "font_class": "gengduo",
      "unicode": "e62b",
      "unicode_decimal": 58923
    },
    {
      "icon_id": "1110410",
      "name": "下 箭头大",
      "font_class": "jiantou8",
      "unicode": "e60a",
      "unicode_decimal": 58890
    },
    {
      "icon_id": "2116284",
      "name": "我的",
      "font_class": "my_icon",
      "unicode": "e65d",
      "unicode_decimal": 58973
    },
    {
      "icon_id": "3248683",
      "name": "首页",
      "font_class": "shouye1",
      "unicode": "e600",
      "unicode_decimal": 58880
    },
    {
      "icon_id": "3833044",
      "name": "折扣",
      "font_class": "-",
      "unicode": "e602",
      "unicode_decimal": 58882
    },
    {
      "icon_id": "4896380",
      "name": "更多",
      "font_class": "gengduo1",
      "unicode": "ec1c",
      "unicode_decimal": 60444
    },
    {
      "icon_id": "6279587",
      "name": "购物车",
      "font_class": "gouwuche1",
      "unicode": "e69a",
      "unicode_decimal": 59034
    },
    {
      "icon_id": "7463927",
      "name": "我的",
      "font_class": "wode",
      "unicode": "e627",
      "unicode_decimal": 58919
    },
    {
      "icon_id": "7466477",
      "name": "折扣，打折，降价",
      "font_class": "huabanfuben",
      "unicode": "e68b",
      "unicode_decimal": 59019
    },
    {
      "icon_id": "8348154",
      "name": "下箭头",
      "font_class": "xiajiantou",
      "unicode": "e722",
      "unicode_decimal": 59170
    },
    {
      "icon_id": "8632578",
      "name": "相册折扣",
      "font_class": "xiangcezhekou",
      "unicode": "e63b",
      "unicode_decimal": 58939
    },
    {
      "icon_id": "9974430",
      "name": "首页",
      "font_class": "shouye2",
      "unicode": "e708",
      "unicode_decimal": 59144
    },
    {
      "icon_id": "11206632",
      "name": "购物车",
      "font_class": "gouwuche2",
      "unicode": "e615",
      "unicode_decimal": 58901
    },
    {
      "icon_id": "11758139",
      "name": "购物车",
      "font_class": "gouwuche3",
      "unicode": "e746",
      "unicode_decimal": 59206
    },
    {
      "icon_id": "12754143",
      "name": "下箭头",
      "font_class": "xiajiantou_huaban",
      "unicode": "e63d",
      "unicode_decimal": 58941
    },
    {
      "icon_id": "13982920",
      "name": "首页",
      "font_class": "shouye3",
      "unicode": "e603",
      "unicode_decimal": 58883
    },
    {
      "icon_id": "15625585",
      "name": "更多",
      "font_class": "gengduobeifen",
      "unicode": "e628",
      "unicode_decimal": 58920
    },
    {
      "icon_id": "15898573",
      "name": "限时折扣",
      "font_class": "xianshizhekou",
      "unicode": "e609",
      "unicode_decimal": 58889
    },
    {
      "icon_id": "17597136",
      "name": "折扣",
      "font_class": "zhekou",
      "unicode": "e638",
      "unicode_decimal": 58936
    },
    {
      "icon_id": "17606352",
      "name": "首页",
      "font_class": "shouye4",
      "unicode": "e6ab",
      "unicode_decimal": 59051
    },
    {
      "icon_id": "17817458",
      "name": "首页",
      "font_class": "shouye5",
      "unicode": "e604",
      "unicode_decimal": 58884
    },
    {
      "icon_id": "17868225",
      "name": "更多",
      "font_class": "gengduo2",
      "unicode": "e605",
      "unicode_decimal": 58885
    }
  ]
}
